{
  "surfaceMoisture": {
    "mean": 0.24720479094076658,
    "min": 0.05693,
    "max": 0.45,
    "std": 0.12113245664961221
  },
  "rootZoneMoisture": {
    "mean": 0.2455644947735192,
    "min": 0.12107,
    "max": 0.35049,
    "std": 0.04882440181478444
  },
  "groundwaterAnomaly": {
    "mean": 105.40109477351915,
    "min": -4.8482,
    "max": 217.1901,
    "std": 62.35588010777904
  }
}